{"chunk_definitions":[{"row":30,"row_count":1,"visible":true,"expansion_state":0,"options":{"engine":"r","label":"unnamed-chunk-125"},"document_id":"FE48284B","chunk_id":"cc5y874dwuw5z","chunk_label":"unnamed-chunk-1"},{"row":51,"row_count":1,"visible":true,"expansion_state":0,"options":{"engine":"r","label":"unnamed-chunk-143"},"document_id":"FE48284B","chunk_id":"c51i4m17tskdd","chunk_label":"unnamed-chunk-2"},{"row":86,"row_count":1,"visible":true,"expansion_state":0,"options":{"engine":"r","label":"unnamed-chunk-12"},"document_id":"FE48284B","chunk_id":"c383gw3jfw8og","chunk_label":"unnamed-chunk-3"},{"row":100,"row_count":1,"visible":true,"expansion_state":0,"options":{"engine":"r","label":"unnamed-chunk-422"},"document_id":"FE48284B","chunk_id":"cw20drhd3yxja","chunk_label":"unnamed-chunk-4"},{"row":110,"row_count":1,"visible":true,"expansion_state":0,"options":{"engine":"r","label":"unnamed-chunk-425"},"document_id":"FE48284B","chunk_id":"ceix6tikdsubw","chunk_label":"unnamed-chunk-5"},{"row":116,"row_count":1,"visible":true,"expansion_state":0,"options":{"engine":"r","label":"unnamed-chunk-431"},"document_id":"FE48284B","chunk_id":"cstd1w1pzx182","chunk_label":"unnamed-chunk-6"},{"row":141,"row_count":1,"visible":true,"expansion_state":0,"options":{"engine":"r","label":"unnamed-chunk-435"},"document_id":"FE48284B","chunk_id":"cgaopcf87e526","chunk_label":"unnamed-chunk-7"},{"row":171,"row_count":1,"visible":true,"expansion_state":0,"options":{"engine":"r","label":"unnamed-chunk-439"},"document_id":"FE48284B","chunk_id":"cpnwtyydvh46v","chunk_label":"unnamed-chunk-8"},{"row":212,"row_count":1,"visible":true,"expansion_state":0,"options":{"engine":"r","label":"unnamed-chunk-366"},"document_id":"FE48284B","chunk_id":"coge9prqas4p3","chunk_label":"unnamed-chunk-9"},{"row":232,"row_count":1,"visible":true,"expansion_state":0,"options":{"engine":"r","label":"unnamed-chunk-378"},"document_id":"FE48284B","chunk_id":"cll6qjg2uppkw","chunk_label":"unnamed-chunk-10"},{"row":249,"row_count":1,"visible":true,"expansion_state":0,"options":{"engine":"r","label":"unnamed-chunk-380"},"document_id":"FE48284B","chunk_id":"ck69e0qqarwzf","chunk_label":"unnamed-chunk-11"},{"row":366,"row_count":1,"visible":true,"expansion_state":0,"options":{"engine":"r","label":"unnamed-chunk-403"},"document_id":"FE48284B","chunk_id":"cqkc8hgydhfzj","chunk_label":"unnamed-chunk-16"}],"doc_write_time":1644698265,"chunk_rendered_width":700}