{"chunk_definitions":[{"row":79,"row_count":1,"visible":true,"expansion_state":0,"options":{"engine":"r","label":"unnamed-chunk-11"},"document_id":"5F3E2F07","chunk_id":"c3ip2fg21kjut","chunk_label":"unnamed-chunk-2"},{"row":149,"row_count":1,"visible":true,"expansion_state":0,"options":{"engine":"r","label":"unnamed-chunk-6"},"document_id":"5F3E2F07","chunk_id":"c7abwcyo6jr8b","chunk_label":"unnamed-chunk-4"},{"row":184,"row_count":1,"visible":true,"expansion_state":0,"options":{"engine":"r","label":"unnamed-chunk-30"},"document_id":"5F3E2F07","chunk_id":"cu1uaks7iv3d0","chunk_label":"unnamed-chunk-6"}],"doc_write_time":1644694734}